{"vhtI1WcpycKUu4VpB2m5Ng==":"img_20180413-104142-2000x1500.jpg","5FtzEFlo0g67ODr3hQnYwg==":"taf%20english-96x96.png","xRxFAks7RSxKNh0YXgQkrw==":"whatsapp%20image%202018-05-09%20at%202.20.04%20pm-1014x761.jpg","qyv37kriWl14rfKbpmrvaQ==":"img-1069-1014x676.jpg","NaVwcBUpIMg+j+CrVBzQ2A==":"mbr-1014x676.jpg","GPlth5vb+axSDNl9waqD3g==":"taf%20english-192x192.png","9H4PnobiYRktS/ag9KeI/Q==":"landing-18-12-1-1350x634.png","VXDri9BtYPTfWo6/yF2s4g==":"landing-18-12-2-1350x634.png","ocARmGk3imRFtBFyZgmXlQ==":"landing-18-12-3-1350x634.png","+/DhoDlC6asrdWF+dSoQ8w==":"landing-18-12-4-1350x634.png","DopiC+C0HH3Efk1OWlSHtg==":"mbr-1620x1080.jpg","a+fRgUzhFvU65sO0xvt8UA==":"landing-18-12-5-1350x634.png","iTRYK30x5Ww7+76Nlld25A==":"landing-18-12-6-1350x634.png","q+sRcy1N+UD1zEzjm/pVBQ==":"1preview-ruangbelajar-background-desktop.svg","fkwc/GZlXz08YENzblbFaQ==":"2preview-digitalbootcamp-background-desktop.svg","Cv/96PNX+iVt1BUGmTxyvg==":"3preview-ruangles-background-desktop.svg","FHnJESBXbPBRzdDulU0dOg==":"4preview-ruanglesonline-background-desktop.svg","loKWdyOYDYkcV593kLLJTw==":"5preview-ruanguji-background-desktop.svg","Iy2uGBqMPwL+pBdwHYbdJA==":"icon%20flat%20cowok2-1014x724.png","vRVYJrLlL38mW0fwE9uxVw==":"icon%20flat%20cowok1-1014x724.png","xR22sXk/baFuKtQENYF8kw==":"icon%20flat%20cowok1.svg","UbtRNyfFLWoMMxnSNVXj/w==":"icon%20flat%20cowok1.svg","70Rw8prnXvP4Lh+wk7x38A==":"part%20media.svg","i+RwFYuA7j3ZT4jbrHMtdA==":"icon%20flat%20cowok1.svg","a6hB9yYd5GCrp8Ghz7ftfg==":"part%20media.svg","GHW6ZEMylQjUXHj5EyQVbQ==":"part%20medias.svg","RRu4MAOccBCBLZS30r26pg==":"part%20medias.svg","ZzoxRw9Fcadi54LSF+GWHg==":"img-1356-1014x676.jpg","Ouyhqc/dBdTpuNQtpV5vcg==":"umaha-1014x761.jpg","oCg4GYnc6H5IUxvROz87vg==":"img-1875-1014x676.jpg"}